idper,firstname,lastname,CC,phone,age
59e13072-942c-4af8-bb97-a1d041434222,Isaak,Bischof,0809797771,750-758-3902,76
934d1c14-c2eb-44d5-b00e-567df1a2bdba,Teena,Mallabund,3149626676,491-500-0591,38
b1c5eb3d-0cb0-4341-bd40-a841cb42c481,Vergil,Wassell,4185324596,627-132-2692,45
81663b99-01bd-4140-91e2-978c5b4a409a,Urbain,Hawkswood,1025128338,233-451-4395,59
513209a9-fca9-439e-b724-9c24691492eb,Eddi,Cudbird,9821596096,721-682-1696,63
eb82e3f6-2da1-4ced-8679-78a56abe1454,Elfrieda,Caroll,1439497494,269-205-6413,58
2af5e59b-fc88-4f85-96a0-1e7d8b41f2f4,Tootsie,Ibbotson,1615679278,771-470-0184,58
04304286-ec3a-4578-b4ab-570336326258,Candie,Torresi,1323495894,395-558-0385,33
84022a90-2eb1-421f-b63c-02e6b52eac07,Blayne,Finnick,7647110896,216-506-0465,10
af6c0ba5-a40f-4d59-a62b-283bd8225723,Lelah,Pesik,2039063749,581-293-0268,9
f84ebb99-c060-4b15-bb42-a4fd1f93fe82,Hestia,Menlove,3250551392,518-694-2777,65
759366f5-c47d-4664-a55d-483426e4fa99,Betteann,Bengtson,9468622525,998-208-2983,11
8cd11dfa-b618-4647-895b-738ee8276ce4,Janeta,Bordessa,0671155792,658-716-7624,20
32f81c35-7ca9-4d08-82b3-956b615a8ae1,Roby,Safont,1579914233,522-288-1486,26
53905257-2389-4ee6-ae1b-62942c218e00,Blanch,Coplestone,0004669010,358-502-2539,2
4597d8a4-e020-4d8c-bff9-855bb8ff26b0,Sadella,McGinty,0435985698,316-249-3254,63
c3918592-4db8-4dfb-b6cc-cda4b535713b,Dieter,Hammerstone,8972055999,965-532-2665,51
e99018c9-87c7-4ae5-a1b6-0350a82bb68a,Karil,Oakman,5640554886,952-301-1166,64
72d85dc4-75b4-4e2d-9ec5-64fc23585135,Diane-marie,Ruddom,0651791758,950-687-3262,24
05d453fb-8eef-4466-9c21-d77575639fe5,Auberon,Hyne,6280566315,698-999-0052,40
19db5d64-6a6a-44aa-a78e-074ccaddf8c1,Will,Loft,8148649839,622-791-4729,67
9a68be3b-4580-4d4c-aae6-6ab31dee178d,Una,Slowgrove,8303815717,962-505-4131,9
da159f75-0a29-4377-8cae-fc22ab3b4c7d,Hamil,Toller,9409922917,231-699-9097,39
8e15b14c-9811-4e28-8a22-e8ee47c42bce,Dex,Lambal,0758050992,357-577-1304,9
7d4fc5c4-4fb3-4e28-a080-0d8b6370a314,Jody,Casellas,1292824751,982-323-1244,38
8cb621d2-fbc6-4d14-90d7-8229e0eca6ba,Lorelle,Gemeau,0186985290,663-629-8142,58
0e608c2e-c0b1-4cfe-8f29-c11e673c097a,Goober,Raven,8145049768,781-177-4344,32
0c62e752-52b9-4187-b2c2-d03507b18a10,Amalle,Wooler,4855117404,673-374-6420,4
df30a048-0d62-43cf-b3f5-d7d0f0034469,Janith,Toke,8902360717,551-499-8085,1
b15acf32-cadc-4806-869f-4b78ec5c2626,Shir,Dungate,8813383576,472-771-7087,6
8821ac5a-7bf5-4c37-9410-49a77b25dbd2,Ansley,Borham,0477684327,511-318-4114,39
2466740c-a265-4d65-952a-d364a203dda1,Boothe,Antunez,7921928366,876-649-1995,56
d1a7c012-525a-47f6-acd2-5d37e9a3b44c,Adelheid,Bristow,2314363639,688-907-2972,74
d021bae0-9640-4880-bda5-c92e4398be88,Clare,Gopsill,2730640460,521-943-3150,67
c37c8354-41a8-4add-8bf9-0e82861834a4,Leonid,Pavluk,5458673670,131-319-2719,55
e989b61d-16c3-4ded-98e2-0c05e7347bd6,Lorena,Root,4839368236,935-185-8773,74
90e3da51-b71a-4d94-9606-e376a61fd034,Krystyna,Stiegers,5282703025,354-396-7552,10
1015ad09-4d7c-4990-92ee-c83825dd37d2,Salmon,Sankey,5610512859,909-376-3922,56
ca55cefa-bee4-4161-b126-7cd901c40958,Marylynne,Henrych,6274455132,469-606-3221,15
d6de7d2a-6b3a-4a97-b039-91cac03a6d55,Deva,Hrihorovich,6855512232,315-274-6062,52
8e9a8f2c-52d0-4dee-83a9-ebc794f64cdc,Nels,Feld,3888278724,155-665-5137,32
5914d027-1b1b-4093-96d4-9c8a17ac2b10,Case,Steel,0323648312,425-221-6594,17
8a3d9ba8-ce7d-4bbc-9182-1b1da28e79a8,Emelita,Nelthorpe,6946592190,985-808-9895,54
0554609b-2798-4dc0-baf0-e32a29a6342e,Audre,Dennes,4018309147,604-511-3656,28
cbd02abd-a7aa-4d83-bdef-cd87ad416d2b,Chico,Klaiser,0040062376,922-988-7979,61
af174612-3a95-4071-9d80-c17fca10423a,Duffy,Mellmoth,3899606272,435-183-0867,68
abd26d0a-e8f7-43e2-adfe-75e8e4e4d6dc,Blayne,Scurr,4198360847,559-860-3088,1
82cdfc99-0199-45c0-ae5b-31cd849d27c7,Eyde,Balsom,5346372512,779-793-3199,18
ca528c8e-b9f6-4294-ae54-bd1420064d80,Leicester,Meritt,1655375180,900-237-8490,79
f17006f6-eb7c-4876-a730-e467cf1eea51,Oralle,Gulberg,8342083543,672-164-1214,58
3080ffbf-e70c-4181-bc00-cf0c8d4d150a,Bill,Elmhirst,4718079284,576-638-8469,38
791bfffb-6f61-4721-beda-b663b2c08165,Rosie,Whild,2833487509,717-684-0114,58
b65ffc6a-60ba-472b-8a8c-ba21979af3ba,Corrine,Alphege,4442910197,534-494-4863,38
53cf5207-5548-4d72-9481-1acb374e95d0,Oralle,Sewter,9036175380,117-847-6999,27
10b9442d-416a-4ebb-a7ae-6690744b032e,Sanson,Penhallurick,6696243046,277-896-7415,3
0f15cf66-a771-4869-aaf9-4777e2acd05e,Sherie,Giorio,9549114848,789-565-7544,5
d70c33b5-60b9-4e83-8253-fe3de08ed4dd,Devan,Oddboy,9512115700,618-118-3824,51
84679ace-bacd-468e-8ae9-6d7980defa03,Corbet,Farran,0873224388,124-759-7604,44
0a01b5b6-ca4d-4fb1-bbc7-11a73d3035d7,Maryann,Wilcinskis,6801193198,352-949-9523,79
5c7afa64-bb7e-4be9-8b70-a1645af05027,Gretna,Dodgshon,4056962677,750-935-7900,47
37087e08-c22c-481a-84fb-fcf88fddb897,Dreddy,Cornner,2452126772,681-156-4306,53
172ab1b2-7ba2-4f98-ad29-995ef87d045b,Merola,Ohms,7833880272,262-826-0019,19
8fc93ba4-cb3c-4cfb-8fb7-b1e66726623f,Sada,Colebourn,9814135917,269-478-5532,55
0fd7e6f9-83ef-4afc-a9db-5a7598ecab65,Anetta,Krystek,1512185582,243-220-8826,26
6a9f1815-909a-442c-a296-37a1166294d6,Colver,McCoid,6468092078,648-166-7611,42
d1ffa097-c420-4151-99db-89b03a986d01,Thibaud,Skews,9215119485,718-673-2900,7
52213c83-80b5-415c-a436-8a68f5a84cd9,Eveline,Dyers,2830422317,936-159-3302,52
dda8b6c5-2506-4268-8f46-4f419c274b1c,Grange,Syversen,7440173619,667-927-7596,30
cdbff0b7-8d5d-487a-bc38-4f5de72aea88,Milka,Toma,6277736787,216-246-8045,63
dc327430-5582-4835-8cb1-f1b3dd6a6e97,Guido,Jovicic,0739572814,443-226-0696,52
1f491b72-6898-4cac-b2d8-16b79b876665,Bud,Sherrell,2773568893,286-309-7386,27
dbfd2fd4-2830-47b2-a3b3-2166af217c73,Ingra,Drakard,0942107616,759-599-4540,9
2650be56-abea-4cd2-ba00-3c505431e7ae,Dionisio,Jesse,3905057395,491-168-5773,39
4c2cc472-7e2f-4300-b4e7-fb3b79cb8e73,Tish,Pluthero,7019892078,573-628-2706,20
55662ae5-271f-4bfb-a3e0-e4cc7a015d00,Donavon,Oxtarby,4106049678,657-557-7599,66
bd44de6a-f417-444c-95e5-87dc5d8d47f2,Lanie,Guiness,8316843498,895-482-7424,2
3dd57e83-ae5f-475d-9443-5a35b7f629a9,Tamera,Oulner,4156220583,236-521-5322,6
ee0af75f-9009-41c8-a645-eadff12e157c,Vale,Yard,8391174239,512-983-8100,35
22a330cd-c437-4234-9125-2a91c1b8fb1b,Dorree,Kennham,4363269723,774-733-9006,50
4c4b4f8c-503f-400d-ba6a-b8c0532baff3,Corabelle,Snazle,6644789013,458-790-5651,78
e1c4ec73-6fbe-407f-a911-42fa65992f7e,Marco,Lawranson,2243045540,358-525-9108,68
6edf2b73-8e0b-4789-86dc-71668d9ee629,Crista,Jumeau,8498431832,765-806-9945,45
1df02b5f-29e9-4f0e-9934-477c2cc7a03f,Rorke,Samples,0490463770,868-252-7859,9
0c07d919-53a5-45b8-9b95-7ae868b500b4,Barthel,Spowart,5963643058,336-332-0492,74
ce907ece-bbba-44bf-b7f0-e5d7305dc983,Ulrich,Bortolutti,2268391868,314-497-4366,70
2c1666c7-feb2-4662-97e8-eea200d907ce,Denna,Bolf,3684125989,997-474-4701,5
5eb78c0d-807a-4226-b036-8cc42cf243c4,Diann,Manchett,0167478850,765-367-1631,57
36f935da-df21-47f8-bbb2-0b7be5b8673b,Windham,Brinson,5094027735,806-409-7360,62
f2f82bff-d48a-45c6-83c5-36767d20c100,Ky,Cratere,8109999867,749-459-2744,41
dc1d7cf9-3ab6-4bcf-aa39-20b296964f44,Wolfie,Pfiffer,7626777891,993-435-8004,18
8a087e44-2705-44fd-bcc9-1f1f6707862b,Fritz,McFetridge,1816741582,425-822-0894,19
bad0e6fa-8557-4331-97e2-53fc7701792e,Barbey,Ronchi,2506624856,482-173-5005,17
62628714-d4e6-4410-9e50-4f116dafa154,Galven,Coggin,1857342011,621-638-0805,68
2a53c901-f8f7-4682-9678-0526cb9b81cd,Buiron,Pury,2492644766,119-756-5867,7
6ec4289a-0d10-42a7-b0ee-38817259bd3d,Marlane,Ibbs,3999475803,558-169-6199,69
7d374d8d-2406-470f-b2b1-64adb13763f5,Clemence,Beetlestone,4642245243,545-431-1207,14
046b7bec-a345-493d-8e32-76c92f20fd5a,Eldridge,Romao,5760450441,999-820-9433,11
014e14d5-bc14-4390-9886-25cc523bdf24,Nata,Mayzes,0985727594,175-230-3493,21
821945a2-bf87-41b9-a33e-b568cb24a552,Parrnell,Skydall,5452589988,542-358-4218,53
dc5eb5ea-97b7-44e6-9373-01be57452676,Danyette,Mepsted,6978402516,110-228-8612,6
