did,CC,idper
482a7669-be86-4ed5-9a99-48c74b7699a2,75ff7ef5-5159-4bba-9ac8-b114b305b6a8,791bfffb-6f61-4721-beda-b663b2c08165
5877e0ea-7ac6-45e9-bc21-dd3b439bb134,b1dee8d0-19d9-439e-a229-86d5d0a14cc6,0fd7e6f9-83ef-4afc-a9db-5a7598ecab65
e0761e89-8c09-40ec-bf86-2191a10af973,3acf2f6a-aa3f-4516-8111-a9b034c99532,ca55cefa-bee4-4161-b126-7cd901c40958
d3d00b08-e321-42a3-a054-da7c776238cd,029fa3fd-1094-4614-9014-d7499cac7757,1df02b5f-29e9-4f0e-9934-477c2cc7a03f
5beaf92c-b4b3-4427-a305-9b6397652063,e0ae439d-4af7-4bad-8e7e-45a3d0b720bf,8e15b14c-9811-4e28-8a22-e8ee47c42bce
d6d90d73-be7c-4c8f-8769-525103188238,50118e43-1689-4454-908c-47f3db04801c,04304286-ec3a-4578-b4ab-570336326258
fb849f26-1db5-4db8-ae43-0e2527a9a4fd,95d89112-3ff7-441f-912a-78738e34d89d,b65ffc6a-60ba-472b-8a8c-ba21979af3ba
11d03312-fc96-4bf4-ada6-1e17eeeadf70,ab10fc2d-6c1f-464d-a836-ece2de43efa0,53905257-2389-4ee6-ae1b-62942c218e00
aaabc9c5-4b8a-4c6c-8f26-6a0ce7c049d2,c5a5bae8-8c13-4279-a17c-2f18286002cf,19db5d64-6a6a-44aa-a78e-074ccaddf8c1
86bad00a-11fb-4a4e-86c8-340447335123,16c4efe1-727a-4391-9b6e-f69161290b67,4c4b4f8c-503f-400d-ba6a-b8c0532baff3
7e37b250-24c0-440d-a0b3-4b659008cf1f,e90a737b-2a11-454b-841a-2899c7dc5ac7,dc1d7cf9-3ab6-4bcf-aa39-20b296964f44
f97d67b7-ce77-457f-b321-5192c82c3b6e,75612d0c-ce87-48e1-b0d2-01a9b2ad5fcf,ce907ece-bbba-44bf-b7f0-e5d7305dc983
7e2506e2-ad56-4e2d-a210-8e54bdf875f5,6e4d3e2d-7423-492d-8db3-cf548b8232a6,19db5d64-6a6a-44aa-a78e-074ccaddf8c1
2510bf46-4325-4a0e-b1aa-640422e48b78,0220c108-7080-4c69-bdac-22b0cda48dd3,6a9f1815-909a-442c-a296-37a1166294d6
1fde5200-6f44-42cd-840f-1a2eee984182,6583f671-682c-48a1-9aff-b5ab737ec0e0,791bfffb-6f61-4721-beda-b663b2c08165
61577546-ff12-4b64-81ed-14fae3dee68c,c56f2a4e-47ff-4a18-898e-c60dcb28601e,90e3da51-b71a-4d94-9606-e376a61fd034
8d7ae3c6-4d66-443a-a7b6-802845c3c353,fd7c662b-ae99-448c-b9d8-6c1305dc2bd0,014e14d5-bc14-4390-9886-25cc523bdf24
5852a5bb-9103-4691-b24b-53690d2d370a,e19ebe0b-dde1-418c-a853-d06f56d0e133,1f491b72-6898-4cac-b2d8-16b79b876665
880d8968-c0cf-4d80-ae54-2d550124f1de,50a3d1ae-e75b-4df4-89e4-8b0bff40c624,abd26d0a-e8f7-43e2-adfe-75e8e4e4d6dc
dc089d9b-5daf-4398-89a0-c7b2f1d7ad44,0eb7b5a2-6144-4c21-8843-65d10e95b629,ca528c8e-b9f6-4294-ae54-bd1420064d80
251fe5fe-425c-4b15-b048-1c3aaea3abeb,83f83423-9443-43c9-8264-8ff76a8696d7,10b9442d-416a-4ebb-a7ae-6690744b032e
0951d112-36f3-44e8-b8a2-aefb0de6a186,0de59db9-3cf0-4a78-95ae-7bd0f5e9834c,b65ffc6a-60ba-472b-8a8c-ba21979af3ba
c70361e0-f551-4e76-a139-d219008d714b,67f243b1-176b-4590-a035-0e1e15f45130,2466740c-a265-4d65-952a-d364a203dda1
1f94a446-b573-4996-8b23-c870aee98f9f,a687bbba-b6ed-45ea-bffe-7f91e4547c27,b1c5eb3d-0cb0-4341-bd40-a841cb42c481
6f289ed3-615b-4698-95c1-3939399ad507,08240b96-74d8-48af-8538-c292e8ee3778,0a01b5b6-ca4d-4fb1-bbc7-11a73d3035d7
