eid,[username],[password],[role],imagem,idper
d4ba308c-1af7-4ec1-98fb-ba86adc21e3f,Holly,Casaccia,Construction Expeditor,http://dummyimage.com/125x100.png/dddddd/000000,bad0e6fa-8557-4331-97e2-53fc7701792e
17525178-8dd6-4a4a-bf87-01a40d228977,Sabina,Fenwick,Construction Foreman,http://dummyimage.com/140x100.png/dddddd/000000,b1c5eb3d-0cb0-4341-bd40-a841cb42c481
38571f92-e714-4ea9-bb5c-edf8c05b93cc,Clint,Winley,Electrician,http://dummyimage.com/184x100.png/ff4444/ffffff,2650be56-abea-4cd2-ba00-3c505431e7ae
054a463e-e58e-4308-a75e-75ff0b3d4d0a,Aggy,Roseveare,Construction Foreman,http://dummyimage.com/182x100.png/dddddd/000000,513209a9-fca9-439e-b724-9c24691492eb
4ca664b5-c4b6-408c-800c-503ee8941abf,Barrett,Moroney,Surveyor,http://dummyimage.com/177x100.png/cc0000/ffffff,dda8b6c5-2506-4268-8f46-4f419c274b1c
0b4ee828-6ae3-46e8-926f-3d564254d488,Winnifred,Cuthbertson,Project Manager,http://dummyimage.com/152x100.png/5fa2dd/ffffff,0a01b5b6-ca4d-4fb1-bbc7-11a73d3035d7
27b051c3-52eb-4a22-a646-202b1f8c7c92,Neely,Duncanson,Subcontractor,http://dummyimage.com/221x100.png/ff4444/ffffff,d1a7c012-525a-47f6-acd2-5d37e9a3b44c
1cd6332e-fc58-491d-ac7b-3f45629dbb6c,Tracey,Robrow,Architect,http://dummyimage.com/170x100.png/ff4444/ffffff,1df02b5f-29e9-4f0e-9934-477c2cc7a03f
086e7501-c2f5-41af-a19b-da8659f5dfac,Melessa,Vaun,Supervisor,http://dummyimage.com/149x100.png/5fa2dd/ffffff,046b7bec-a345-493d-8e32-76c92f20fd5a
f7e2dfe6-18d0-4bab-b619-bb23e40f20c1,Aluin,Markwick,Supervisor,http://dummyimage.com/141x100.png/dddddd/000000,7d374d8d-2406-470f-b2b1-64adb13763f5
67cf0789-8b6c-458d-9871-261d9fd4c085,Prent,Paulazzi,Electrician,http://dummyimage.com/120x100.png/cc0000/ffffff,10b9442d-416a-4ebb-a7ae-6690744b032e
f0d4a6e8-5b07-419f-90a7-5aefee8668a5,Latrena,Highton,Construction Manager,http://dummyimage.com/160x100.png/dddddd/000000,d70c33b5-60b9-4e83-8253-fe3de08ed4dd
980b1dce-4818-41cc-b62b-afb4e334f7c7,Kanya,Renad,Construction Worker,http://dummyimage.com/227x100.png/5fa2dd/ffffff,8cd11dfa-b618-4647-895b-738ee8276ce4
83d2133e-e690-4be6-abd6-8a3df5da180d,Godwin,Besset,Construction Worker,http://dummyimage.com/114x100.png/dddddd/000000,0a01b5b6-ca4d-4fb1-bbc7-11a73d3035d7
f2546dbc-c2ab-438e-a35e-a36dba08eda7,Luella,Turfes,Construction Worker,http://dummyimage.com/130x100.png/cc0000/ffffff,2af5e59b-fc88-4f85-96a0-1e7d8b41f2f4
2d26a4db-90b2-471b-b194-503c8241a36a,Noreen,Purselowe,Engineer,http://dummyimage.com/129x100.png/ff4444/ffffff,8e9a8f2c-52d0-4dee-83a9-ebc794f64cdc
7ee85cdc-21a1-4bd0-b9d7-6d1c5f64665c,Clea,Dalyell,Estimator,http://dummyimage.com/217x100.png/dddddd/000000,759366f5-c47d-4664-a55d-483426e4fa99
111a81a3-0978-4737-9d35-25255bec0eb8,Lisa,Drinnan,Surveyor,http://dummyimage.com/117x100.png/cc0000/ffffff,72d85dc4-75b4-4e2d-9ec5-64fc23585135
f6fc3449-a84b-4e01-a7a6-f47845e0d5f9,Electra,Monks,Construction Expeditor,http://dummyimage.com/104x100.png/5fa2dd/ffffff,3080ffbf-e70c-4181-bc00-cf0c8d4d150a
2136b789-f306-47a6-bc5f-8d0a3bf52d9a,Merle,Widdall,Construction Expeditor,http://dummyimage.com/103x100.png/dddddd/000000,d021bae0-9640-4880-bda5-c92e4398be88
f6220e53-6c1e-467e-9d91-7b94481200f9,Tammy,Drewes,Construction Expeditor,http://dummyimage.com/143x100.png/dddddd/000000,1df02b5f-29e9-4f0e-9934-477c2cc7a03f
825d9f15-7cf1-4ce6-835f-89eba7e3cf28,Coriss,Goodale,Architect,http://dummyimage.com/227x100.png/5fa2dd/ffffff,8e9a8f2c-52d0-4dee-83a9-ebc794f64cdc
2a0ba72a-9645-4514-858a-2281eb2b7db4,Prinz,Latchmore,Construction Expeditor,http://dummyimage.com/151x100.png/ff4444/ffffff,b65ffc6a-60ba-472b-8a8c-ba21979af3ba
df601538-220b-44f6-98cc-6617af9d89b7,Eleni,Cyson,Construction Expeditor,http://dummyimage.com/177x100.png/5fa2dd/ffffff,05d453fb-8eef-4466-9c21-d77575639fe5
d2c0f40c-df12-4c40-a69c-fcff9f38a138,Ed,Camies,Surveyor,http://dummyimage.com/173x100.png/5fa2dd/ffffff,8cb621d2-fbc6-4d14-90d7-8229e0eca6ba
